,team,season,league
0,Aston Villa,2015,EPL
1,Everton,2015,EPL
2,Bournemouth,2015,EPL
3,Southampton,2015,EPL
4,Leicester,2015,EPL
5,West Bromwich Albion,2015,EPL
6,Sunderland,2015,EPL
7,Crystal Palace,2015,EPL
8,Norwich,2015,EPL
9,Chelsea,2015,EPL
10,West Ham,2015,EPL
11,Tottenham,2015,EPL
12,Arsenal,2015,EPL
13,Swansea,2015,EPL
14,Stoke,2015,EPL
15,Newcastle United,2015,EPL
16,Liverpool,2015,EPL
17,Manchester City,2015,EPL
18,Manchester United,2015,EPL
19,Watford,2015,EPL
20,Everton,2016,EPL
21,Bournemouth,2016,EPL
22,Southampton,2016,EPL
23,Leicester,2016,EPL
24,West Bromwich Albion,2016,EPL
25,Sunderland,2016,EPL
26,Crystal Palace,2016,EPL
27,Chelsea,2016,EPL
28,West Ham,2016,EPL
29,Tottenham,2016,EPL
30,Arsenal,2016,EPL
31,Swansea,2016,EPL
32,Stoke,2016,EPL
33,Liverpool,2016,EPL
34,Manchester City,2016,EPL
35,Manchester United,2016,EPL
36,Watford,2016,EPL
37,Hull,2016,EPL
38,Burnley,2016,EPL
39,Middlesbrough,2016,EPL
40,Everton,2017,EPL
41,Bournemouth,2017,EPL
42,Southampton,2017,EPL
43,Leicester,2017,EPL
44,West Bromwich Albion,2017,EPL
45,Crystal Palace,2017,EPL
46,Chelsea,2017,EPL
47,West Ham,2017,EPL
48,Tottenham,2017,EPL
49,Arsenal,2017,EPL
50,Swansea,2017,EPL
51,Stoke,2017,EPL
52,Newcastle United,2017,EPL
53,Liverpool,2017,EPL
54,Manchester City,2017,EPL
55,Manchester United,2017,EPL
56,Watford,2017,EPL
57,Burnley,2017,EPL
58,Huddersfield,2017,EPL
59,Brighton,2017,EPL
60,Everton,2018,EPL
61,Bournemouth,2018,EPL
62,Southampton,2018,EPL
63,Leicester,2018,EPL
64,Crystal Palace,2018,EPL
65,Chelsea,2018,EPL
66,West Ham,2018,EPL
67,Tottenham,2018,EPL
68,Arsenal,2018,EPL
69,Newcastle United,2018,EPL
70,Liverpool,2018,EPL
71,Manchester City,2018,EPL
72,Manchester United,2018,EPL
73,Watford,2018,EPL
74,Burnley,2018,EPL
75,Huddersfield,2018,EPL
76,Brighton,2018,EPL
77,Cardiff,2018,EPL
78,Fulham,2018,EPL
79,Wolverhampton Wanderers,2018,EPL
80,Aston Villa,2019,EPL
81,Everton,2019,EPL
82,Bournemouth,2019,EPL
83,Southampton,2019,EPL
84,Leicester,2019,EPL
85,Crystal Palace,2019,EPL
86,Norwich,2019,EPL
87,Chelsea,2019,EPL
88,West Ham,2019,EPL
89,Tottenham,2019,EPL
90,Arsenal,2019,EPL
91,Newcastle United,2019,EPL
92,Liverpool,2019,EPL
93,Manchester City,2019,EPL
94,Manchester United,2019,EPL
95,Watford,2019,EPL
96,Burnley,2019,EPL
97,Brighton,2019,EPL
98,Wolverhampton Wanderers,2019,EPL
99,Sheffield United,2019,EPL
100,Aston Villa,2020,EPL
101,Everton,2020,EPL
102,Southampton,2020,EPL
103,Leicester,2020,EPL
104,West Bromwich Albion,2020,EPL
105,Crystal Palace,2020,EPL
106,Chelsea,2020,EPL
107,West Ham,2020,EPL
108,Tottenham,2020,EPL
109,Arsenal,2020,EPL
110,Newcastle United,2020,EPL
111,Liverpool,2020,EPL
112,Manchester City,2020,EPL
113,Manchester United,2020,EPL
114,Burnley,2020,EPL
115,Brighton,2020,EPL
116,Fulham,2020,EPL
117,Wolverhampton Wanderers,2020,EPL
118,Sheffield United,2020,EPL
119,Leeds,2020,EPL
120,Aston Villa,2021,EPL
121,Everton,2021,EPL
122,Southampton,2021,EPL
123,Leicester,2021,EPL
124,Crystal Palace,2021,EPL
125,Norwich,2021,EPL
126,Chelsea,2021,EPL
127,West Ham,2021,EPL
128,Tottenham,2021,EPL
129,Arsenal,2021,EPL
130,Newcastle United,2021,EPL
131,Liverpool,2021,EPL
132,Manchester City,2021,EPL
133,Manchester United,2021,EPL
134,Watford,2021,EPL
135,Burnley,2021,EPL
136,Brighton,2021,EPL
137,Wolverhampton Wanderers,2021,EPL
138,Brentford,2021,EPL
139,Leeds,2021,EPL
140,Aston Villa,2022,EPL
141,Everton,2022,EPL
142,Bournemouth,2022,EPL
143,Southampton,2022,EPL
144,Leicester,2022,EPL
145,Crystal Palace,2022,EPL
146,Chelsea,2022,EPL
147,West Ham,2022,EPL
148,Tottenham,2022,EPL
149,Arsenal,2022,EPL
150,Newcastle United,2022,EPL
151,Liverpool,2022,EPL
152,Manchester City,2022,EPL
153,Manchester United,2022,EPL
154,Brighton,2022,EPL
155,Fulham,2022,EPL
156,Wolverhampton Wanderers,2022,EPL
157,Brentford,2022,EPL
158,Leeds,2022,EPL
159,Nottingham Forest,2022,EPL
160,Aston Villa,2023,EPL
161,Everton,2023,EPL
162,Bournemouth,2023,EPL
163,Crystal Palace,2023,EPL
164,Chelsea,2023,EPL
165,West Ham,2023,EPL
166,Tottenham,2023,EPL
167,Arsenal,2023,EPL
168,Newcastle United,2023,EPL
169,Liverpool,2023,EPL
170,Manchester City,2023,EPL
171,Manchester United,2023,EPL
172,Burnley,2023,EPL
173,Brighton,2023,EPL
174,Fulham,2023,EPL
175,Wolverhampton Wanderers,2023,EPL
176,Sheffield United,2023,EPL
177,Brentford,2023,EPL
178,Nottingham Forest,2023,EPL
179,Luton,2023,EPL
180,Aston Villa,2024,EPL
181,Everton,2024,EPL
182,Bournemouth,2024,EPL
183,Southampton,2024,EPL
184,Leicester,2024,EPL
185,Crystal Palace,2024,EPL
186,Chelsea,2024,EPL
187,West Ham,2024,EPL
188,Tottenham,2024,EPL
189,Arsenal,2024,EPL
190,Newcastle United,2024,EPL
191,Liverpool,2024,EPL
192,Manchester City,2024,EPL
193,Manchester United,2024,EPL
194,Brighton,2024,EPL
195,Fulham,2024,EPL
196,Wolverhampton Wanderers,2024,EPL
197,Brentford,2024,EPL
198,Nottingham Forest,2024,EPL
199,Ipswich,2024,EPL
200,Aston Villa,2025,EPL
201,Everton,2025,EPL
202,Bournemouth,2025,EPL
203,Sunderland,2025,EPL
204,Crystal Palace,2025,EPL
205,Chelsea,2025,EPL
206,West Ham,2025,EPL
207,Tottenham,2025,EPL
208,Arsenal,2025,EPL
209,Newcastle United,2025,EPL
210,Liverpool,2025,EPL
211,Manchester City,2025,EPL
212,Manchester United,2025,EPL
213,Burnley,2025,EPL
214,Brighton,2025,EPL
215,Fulham,2025,EPL
216,Wolverhampton Wanderers,2025,EPL
217,Brentford,2025,EPL
218,Leeds,2025,EPL
219,Nottingham Forest,2025,EPL
220,Malaga,2015,La_Liga
221,Sevilla,2015,La_Liga
222,Deportivo La Coruna,2015,La_Liga
223,Real Sociedad,2015,La_Liga
224,Espanyol,2015,La_Liga
225,Getafe,2015,La_Liga
226,Atletico Madrid,2015,La_Liga
227,Las Palmas,2015,La_Liga
228,Rayo Vallecano,2015,La_Liga
229,Valencia,2015,La_Liga
230,Athletic Club,2015,La_Liga
231,Barcelona,2015,La_Liga
232,Sporting Gijon,2015,La_Liga
233,Real Madrid,2015,La_Liga
234,Levante,2015,La_Liga
235,Celta Vigo,2015,La_Liga
236,Real Betis,2015,La_Liga
237,Villarreal,2015,La_Liga
238,Granada,2015,La_Liga
239,Eibar,2015,La_Liga
240,Malaga,2016,La_Liga
241,Sevilla,2016,La_Liga
242,Deportivo La Coruna,2016,La_Liga
243,Real Sociedad,2016,La_Liga
244,Espanyol,2016,La_Liga
245,Atletico Madrid,2016,La_Liga
246,Las Palmas,2016,La_Liga
247,Valencia,2016,La_Liga
248,Athletic Club,2016,La_Liga
249,Barcelona,2016,La_Liga
250,Sporting Gijon,2016,La_Liga
251,Real Madrid,2016,La_Liga
252,Celta Vigo,2016,La_Liga
253,Real Betis,2016,La_Liga
254,Villarreal,2016,La_Liga
255,Granada,2016,La_Liga
256,Eibar,2016,La_Liga
257,Osasuna,2016,La_Liga
258,Alaves,2016,La_Liga
259,Leganes,2016,La_Liga
260,Malaga,2017,La_Liga
261,Sevilla,2017,La_Liga
262,Deportivo La Coruna,2017,La_Liga
263,Real Sociedad,2017,La_Liga
264,Espanyol,2017,La_Liga
265,Getafe,2017,La_Liga
266,Atletico Madrid,2017,La_Liga
267,Las Palmas,2017,La_Liga
268,Valencia,2017,La_Liga
269,Athletic Club,2017,La_Liga
270,Barcelona,2017,La_Liga
271,Real Madrid,2017,La_Liga
272,Levante,2017,La_Liga
273,Celta Vigo,2017,La_Liga
274,Real Betis,2017,La_Liga
275,Villarreal,2017,La_Liga
276,Eibar,2017,La_Liga
277,Alaves,2017,La_Liga
278,Leganes,2017,La_Liga
279,Girona,2017,La_Liga
280,Sevilla,2018,La_Liga
281,Real Sociedad,2018,La_Liga
282,Espanyol,2018,La_Liga
283,Getafe,2018,La_Liga
284,Atletico Madrid,2018,La_Liga
285,Rayo Vallecano,2018,La_Liga
286,Valencia,2018,La_Liga
287,Athletic Club,2018,La_Liga
288,Barcelona,2018,La_Liga
289,Real Madrid,2018,La_Liga
290,Levante,2018,La_Liga
291,Celta Vigo,2018,La_Liga
292,Real Betis,2018,La_Liga
293,Villarreal,2018,La_Liga
294,Eibar,2018,La_Liga
295,Alaves,2018,La_Liga
296,Leganes,2018,La_Liga
297,Girona,2018,La_Liga
298,Real Valladolid,2018,La_Liga
299,SD Huesca,2018,La_Liga
300,Sevilla,2019,La_Liga
301,Real Sociedad,2019,La_Liga
302,Espanyol,2019,La_Liga
303,Getafe,2019,La_Liga
304,Atletico Madrid,2019,La_Liga
305,Valencia,2019,La_Liga
306,Athletic Club,2019,La_Liga
307,Barcelona,2019,La_Liga
308,Real Madrid,2019,La_Liga
309,Levante,2019,La_Liga
310,Celta Vigo,2019,La_Liga
311,Real Betis,2019,La_Liga
312,Villarreal,2019,La_Liga
313,Granada,2019,La_Liga
314,Eibar,2019,La_Liga
315,Osasuna,2019,La_Liga
316,Alaves,2019,La_Liga
317,Leganes,2019,La_Liga
318,Real Valladolid,2019,La_Liga
319,Mallorca,2019,La_Liga
320,Sevilla,2020,La_Liga
321,Real Sociedad,2020,La_Liga
322,Getafe,2020,La_Liga
323,Atletico Madrid,2020,La_Liga
324,Valencia,2020,La_Liga
325,Athletic Club,2020,La_Liga
326,Barcelona,2020,La_Liga
327,Real Madrid,2020,La_Liga
328,Levante,2020,La_Liga
329,Celta Vigo,2020,La_Liga
330,Real Betis,2020,La_Liga
331,Villarreal,2020,La_Liga
332,Granada,2020,La_Liga
333,Eibar,2020,La_Liga
334,Osasuna,2020,La_Liga
335,Alaves,2020,La_Liga
336,Elche,2020,La_Liga
337,Real Valladolid,2020,La_Liga
338,SD Huesca,2020,La_Liga
339,Cadiz,2020,La_Liga
340,Sevilla,2021,La_Liga
341,Real Sociedad,2021,La_Liga
342,Espanyol,2021,La_Liga
343,Getafe,2021,La_Liga
344,Atletico Madrid,2021,La_Liga
345,Rayo Vallecano,2021,La_Liga
346,Valencia,2021,La_Liga
347,Athletic Club,2021,La_Liga
348,Barcelona,2021,La_Liga
349,Real Madrid,2021,La_Liga
350,Levante,2021,La_Liga
351,Celta Vigo,2021,La_Liga
352,Real Betis,2021,La_Liga
353,Villarreal,2021,La_Liga
354,Granada,2021,La_Liga
355,Osasuna,2021,La_Liga
356,Alaves,2021,La_Liga
357,Elche,2021,La_Liga
358,Mallorca,2021,La_Liga
359,Cadiz,2021,La_Liga
360,Sevilla,2022,La_Liga
361,Real Sociedad,2022,La_Liga
362,Espanyol,2022,La_Liga
363,Getafe,2022,La_Liga
364,Atletico Madrid,2022,La_Liga
365,Rayo Vallecano,2022,La_Liga
366,Valencia,2022,La_Liga
367,Athletic Club,2022,La_Liga
368,Barcelona,2022,La_Liga
369,Real Madrid,2022,La_Liga
370,Celta Vigo,2022,La_Liga
371,Real Betis,2022,La_Liga
372,Villarreal,2022,La_Liga
373,Osasuna,2022,La_Liga
374,Elche,2022,La_Liga
375,Almeria,2022,La_Liga
376,Girona,2022,La_Liga
377,Real Valladolid,2022,La_Liga
378,Mallorca,2022,La_Liga
379,Cadiz,2022,La_Liga
380,Sevilla,2023,La_Liga
381,Real Sociedad,2023,La_Liga
382,Getafe,2023,La_Liga
383,Atletico Madrid,2023,La_Liga
384,Las Palmas,2023,La_Liga
385,Rayo Vallecano,2023,La_Liga
386,Valencia,2023,La_Liga
387,Athletic Club,2023,La_Liga
388,Barcelona,2023,La_Liga
389,Real Madrid,2023,La_Liga
390,Celta Vigo,2023,La_Liga
391,Real Betis,2023,La_Liga
392,Villarreal,2023,La_Liga
393,Granada,2023,La_Liga
394,Osasuna,2023,La_Liga
395,Alaves,2023,La_Liga
396,Almeria,2023,La_Liga
397,Girona,2023,La_Liga
398,Mallorca,2023,La_Liga
399,Cadiz,2023,La_Liga
400,Sevilla,2024,La_Liga
401,Real Sociedad,2024,La_Liga
402,Espanyol,2024,La_Liga
403,Getafe,2024,La_Liga
404,Atletico Madrid,2024,La_Liga
405,Las Palmas,2024,La_Liga
406,Rayo Vallecano,2024,La_Liga
407,Valencia,2024,La_Liga
408,Athletic Club,2024,La_Liga
409,Barcelona,2024,La_Liga
410,Real Madrid,2024,La_Liga
411,Celta Vigo,2024,La_Liga
412,Real Betis,2024,La_Liga
413,Villarreal,2024,La_Liga
414,Osasuna,2024,La_Liga
415,Alaves,2024,La_Liga
416,Leganes,2024,La_Liga
417,Girona,2024,La_Liga
418,Real Valladolid,2024,La_Liga
419,Mallorca,2024,La_Liga
420,Sevilla,2025,La_Liga
421,Real Sociedad,2025,La_Liga
422,Espanyol,2025,La_Liga
423,Getafe,2025,La_Liga
424,Atletico Madrid,2025,La_Liga
425,Rayo Vallecano,2025,La_Liga
426,Valencia,2025,La_Liga
427,Athletic Club,2025,La_Liga
428,Barcelona,2025,La_Liga
429,Real Madrid,2025,La_Liga
430,Levante,2025,La_Liga
431,Celta Vigo,2025,La_Liga
432,Real Betis,2025,La_Liga
433,Villarreal,2025,La_Liga
434,Osasuna,2025,La_Liga
435,Alaves,2025,La_Liga
436,Elche,2025,La_Liga
437,Girona,2025,La_Liga
438,Mallorca,2025,La_Liga
439,Real Oviedo,2025,La_Liga
440,Bayern Munich,2015,Bundesliga
441,Hamburger SV,2015,Bundesliga
442,Bayer Leverkusen,2015,Bundesliga
443,Hoffenheim,2015,Bundesliga
444,Augsburg,2015,Bundesliga
445,Hertha Berlin,2015,Bundesliga
446,Werder Bremen,2015,Bundesliga
447,Schalke 04,2015,Bundesliga
448,Mainz 05,2015,Bundesliga
449,Ingolstadt,2015,Bundesliga
450,Darmstadt,2015,Bundesliga
451,Hannover 96,2015,Bundesliga
452,Borussia Dortmund,2015,Bundesliga
453,Borussia M.Gladbach,2015,Bundesliga
454,Wolfsburg,2015,Bundesliga
455,Eintracht Frankfurt,2015,Bundesliga
456,VfB Stuttgart,2015,Bundesliga
457,FC Cologne,2015,Bundesliga
458,Bayern Munich,2016,Bundesliga
459,Hamburger SV,2016,Bundesliga
460,Bayer Leverkusen,2016,Bundesliga
461,Hoffenheim,2016,Bundesliga
462,Augsburg,2016,Bundesliga
463,Hertha Berlin,2016,Bundesliga
464,Werder Bremen,2016,Bundesliga
465,Schalke 04,2016,Bundesliga
466,Mainz 05,2016,Bundesliga
467,Ingolstadt,2016,Bundesliga
468,Darmstadt,2016,Bundesliga
469,Borussia Dortmund,2016,Bundesliga
470,Borussia M.Gladbach,2016,Bundesliga
471,Wolfsburg,2016,Bundesliga
472,Eintracht Frankfurt,2016,Bundesliga
473,FC Cologne,2016,Bundesliga
474,Freiburg,2016,Bundesliga
475,RasenBallsport Leipzig,2016,Bundesliga
476,Bayern Munich,2017,Bundesliga
477,Hamburger SV,2017,Bundesliga
478,Bayer Leverkusen,2017,Bundesliga
479,Hoffenheim,2017,Bundesliga
480,Augsburg,2017,Bundesliga
481,Hertha Berlin,2017,Bundesliga
482,Werder Bremen,2017,Bundesliga
483,Schalke 04,2017,Bundesliga
484,Mainz 05,2017,Bundesliga
485,Hannover 96,2017,Bundesliga
486,Borussia Dortmund,2017,Bundesliga
487,Borussia M.Gladbach,2017,Bundesliga
488,Wolfsburg,2017,Bundesliga
489,Eintracht Frankfurt,2017,Bundesliga
490,VfB Stuttgart,2017,Bundesliga
491,FC Cologne,2017,Bundesliga
492,Freiburg,2017,Bundesliga
493,RasenBallsport Leipzig,2017,Bundesliga
494,Bayern Munich,2018,Bundesliga
495,Bayer Leverkusen,2018,Bundesliga
496,Hoffenheim,2018,Bundesliga
497,Augsburg,2018,Bundesliga
498,Hertha Berlin,2018,Bundesliga
499,Werder Bremen,2018,Bundesliga
500,Schalke 04,2018,Bundesliga
501,Mainz 05,2018,Bundesliga
502,Hannover 96,2018,Bundesliga
503,Borussia Dortmund,2018,Bundesliga
504,Borussia M.Gladbach,2018,Bundesliga
505,Wolfsburg,2018,Bundesliga
506,Eintracht Frankfurt,2018,Bundesliga
507,VfB Stuttgart,2018,Bundesliga
508,Freiburg,2018,Bundesliga
509,RasenBallsport Leipzig,2018,Bundesliga
510,Fortuna Duesseldorf,2018,Bundesliga
511,Nuernberg,2018,Bundesliga
512,Bayern Munich,2019,Bundesliga
513,Bayer Leverkusen,2019,Bundesliga
514,Hoffenheim,2019,Bundesliga
515,Augsburg,2019,Bundesliga
516,Hertha Berlin,2019,Bundesliga
517,Werder Bremen,2019,Bundesliga
518,Schalke 04,2019,Bundesliga
519,Mainz 05,2019,Bundesliga
520,Borussia Dortmund,2019,Bundesliga
521,Borussia M.Gladbach,2019,Bundesliga
522,Wolfsburg,2019,Bundesliga
523,Eintracht Frankfurt,2019,Bundesliga
524,FC Cologne,2019,Bundesliga
525,Freiburg,2019,Bundesliga
526,RasenBallsport Leipzig,2019,Bundesliga
527,Paderborn,2019,Bundesliga
528,Fortuna Duesseldorf,2019,Bundesliga
529,Union Berlin,2019,Bundesliga
530,Bayern Munich,2020,Bundesliga
531,Bayer Leverkusen,2020,Bundesliga
532,Hoffenheim,2020,Bundesliga
533,Augsburg,2020,Bundesliga
534,Hertha Berlin,2020,Bundesliga
535,Werder Bremen,2020,Bundesliga
536,Schalke 04,2020,Bundesliga
537,Mainz 05,2020,Bundesliga
538,Borussia Dortmund,2020,Bundesliga
539,Borussia M.Gladbach,2020,Bundesliga
540,Wolfsburg,2020,Bundesliga
541,Eintracht Frankfurt,2020,Bundesliga
542,VfB Stuttgart,2020,Bundesliga
543,FC Cologne,2020,Bundesliga
544,Freiburg,2020,Bundesliga
545,RasenBallsport Leipzig,2020,Bundesliga
546,Union Berlin,2020,Bundesliga
547,Arminia Bielefeld,2020,Bundesliga
548,Bayern Munich,2021,Bundesliga
549,Bayer Leverkusen,2021,Bundesliga
550,Hoffenheim,2021,Bundesliga
551,Augsburg,2021,Bundesliga
552,Hertha Berlin,2021,Bundesliga
553,Mainz 05,2021,Bundesliga
554,Borussia Dortmund,2021,Bundesliga
555,Borussia M.Gladbach,2021,Bundesliga
556,Wolfsburg,2021,Bundesliga
557,Eintracht Frankfurt,2021,Bundesliga
558,VfB Stuttgart,2021,Bundesliga
559,FC Cologne,2021,Bundesliga
560,Freiburg,2021,Bundesliga
561,RasenBallsport Leipzig,2021,Bundesliga
562,Union Berlin,2021,Bundesliga
563,Arminia Bielefeld,2021,Bundesliga
564,Greuther Fuerth,2021,Bundesliga
565,Bochum,2021,Bundesliga
566,Bayern Munich,2022,Bundesliga
567,Bayer Leverkusen,2022,Bundesliga
568,Hoffenheim,2022,Bundesliga
569,Augsburg,2022,Bundesliga
570,Hertha Berlin,2022,Bundesliga
571,Werder Bremen,2022,Bundesliga
572,Schalke 04,2022,Bundesliga
573,Mainz 05,2022,Bundesliga
574,Borussia Dortmund,2022,Bundesliga
575,Borussia M.Gladbach,2022,Bundesliga
576,Wolfsburg,2022,Bundesliga
577,Eintracht Frankfurt,2022,Bundesliga
578,VfB Stuttgart,2022,Bundesliga
579,FC Cologne,2022,Bundesliga
580,Freiburg,2022,Bundesliga
581,RasenBallsport Leipzig,2022,Bundesliga
582,Union Berlin,2022,Bundesliga
583,Bochum,2022,Bundesliga
584,Bayern Munich,2023,Bundesliga
585,Bayer Leverkusen,2023,Bundesliga
586,Hoffenheim,2023,Bundesliga
587,Augsburg,2023,Bundesliga
588,Werder Bremen,2023,Bundesliga
589,Mainz 05,2023,Bundesliga
590,Darmstadt,2023,Bundesliga
591,Borussia Dortmund,2023,Bundesliga
592,Borussia M.Gladbach,2023,Bundesliga
593,Wolfsburg,2023,Bundesliga
594,Eintracht Frankfurt,2023,Bundesliga
595,VfB Stuttgart,2023,Bundesliga
596,FC Cologne,2023,Bundesliga
597,Freiburg,2023,Bundesliga
598,RasenBallsport Leipzig,2023,Bundesliga
599,Union Berlin,2023,Bundesliga
600,Bochum,2023,Bundesliga
601,FC Heidenheim,2023,Bundesliga
602,Bayern Munich,2024,Bundesliga
603,Bayer Leverkusen,2024,Bundesliga
604,Hoffenheim,2024,Bundesliga
605,Augsburg,2024,Bundesliga
606,Werder Bremen,2024,Bundesliga
607,Mainz 05,2024,Bundesliga
608,Borussia Dortmund,2024,Bundesliga
609,Borussia M.Gladbach,2024,Bundesliga
610,Wolfsburg,2024,Bundesliga
611,Eintracht Frankfurt,2024,Bundesliga
612,VfB Stuttgart,2024,Bundesliga
613,Freiburg,2024,Bundesliga
614,RasenBallsport Leipzig,2024,Bundesliga
615,Union Berlin,2024,Bundesliga
616,Bochum,2024,Bundesliga
617,FC Heidenheim,2024,Bundesliga
618,Holstein Kiel,2024,Bundesliga
619,St. Pauli,2024,Bundesliga
620,Bayern Munich,2025,Bundesliga
621,Hamburger SV,2025,Bundesliga
622,Bayer Leverkusen,2025,Bundesliga
623,Hoffenheim,2025,Bundesliga
624,Augsburg,2025,Bundesliga
625,Werder Bremen,2025,Bundesliga
626,Mainz 05,2025,Bundesliga
627,Borussia Dortmund,2025,Bundesliga
628,Borussia M.Gladbach,2025,Bundesliga
629,Wolfsburg,2025,Bundesliga
630,Eintracht Frankfurt,2025,Bundesliga
631,VfB Stuttgart,2025,Bundesliga
632,FC Cologne,2025,Bundesliga
633,Freiburg,2025,Bundesliga
634,RasenBallsport Leipzig,2025,Bundesliga
635,Union Berlin,2025,Bundesliga
636,FC Heidenheim,2025,Bundesliga
637,St. Pauli,2025,Bundesliga
638,Verona,2015,Serie_A
639,Roma,2015,Serie_A
640,Lazio,2015,Serie_A
641,Bologna,2015,Serie_A
642,Juventus,2015,Serie_A
643,Udinese,2015,Serie_A
644,Palermo,2015,Serie_A
645,Genoa,2015,Serie_A
646,Sampdoria,2015,Serie_A
647,Carpi,2015,Serie_A
648,Sassuolo,2015,Serie_A
649,Napoli,2015,Serie_A
650,Inter,2015,Serie_A
651,Atalanta,2015,Serie_A
652,Empoli,2015,Serie_A
653,Chievo,2015,Serie_A
654,Fiorentina,2015,Serie_A
655,AC Milan,2015,Serie_A
656,Frosinone,2015,Serie_A
657,Torino,2015,Serie_A
658,Roma,2016,Serie_A
659,Lazio,2016,Serie_A
660,Bologna,2016,Serie_A
661,Juventus,2016,Serie_A
662,Udinese,2016,Serie_A
663,Palermo,2016,Serie_A
664,Genoa,2016,Serie_A
665,Sampdoria,2016,Serie_A
666,Sassuolo,2016,Serie_A
667,Napoli,2016,Serie_A
668,Inter,2016,Serie_A
669,Atalanta,2016,Serie_A
670,Empoli,2016,Serie_A
671,Chievo,2016,Serie_A
672,Fiorentina,2016,Serie_A
673,AC Milan,2016,Serie_A
674,Torino,2016,Serie_A
675,Pescara,2016,Serie_A
676,Crotone,2016,Serie_A
677,Cagliari,2016,Serie_A
678,Verona,2017,Serie_A
679,Roma,2017,Serie_A
680,Lazio,2017,Serie_A
681,Bologna,2017,Serie_A
682,Juventus,2017,Serie_A
683,Udinese,2017,Serie_A
684,Genoa,2017,Serie_A
685,Sampdoria,2017,Serie_A
686,Sassuolo,2017,Serie_A
687,Napoli,2017,Serie_A
688,Inter,2017,Serie_A
689,Atalanta,2017,Serie_A
690,Chievo,2017,Serie_A
691,Fiorentina,2017,Serie_A
692,AC Milan,2017,Serie_A
693,Torino,2017,Serie_A
694,Crotone,2017,Serie_A
695,Cagliari,2017,Serie_A
696,SPAL 2013,2017,Serie_A
697,Benevento,2017,Serie_A
698,Roma,2018,Serie_A
699,Lazio,2018,Serie_A
700,Bologna,2018,Serie_A
701,Juventus,2018,Serie_A
702,Udinese,2018,Serie_A
703,Genoa,2018,Serie_A
704,Sampdoria,2018,Serie_A
705,Sassuolo,2018,Serie_A
706,Napoli,2018,Serie_A
707,Inter,2018,Serie_A
708,Atalanta,2018,Serie_A
709,Empoli,2018,Serie_A
710,Chievo,2018,Serie_A
711,Fiorentina,2018,Serie_A
712,AC Milan,2018,Serie_A
713,Frosinone,2018,Serie_A
714,Torino,2018,Serie_A
715,Cagliari,2018,Serie_A
716,SPAL 2013,2018,Serie_A
717,Parma Calcio 1913,2018,Serie_A
718,Verona,2019,Serie_A
719,Roma,2019,Serie_A
720,Lazio,2019,Serie_A
721,Bologna,2019,Serie_A
722,Juventus,2019,Serie_A
723,Udinese,2019,Serie_A
724,Genoa,2019,Serie_A
725,Sampdoria,2019,Serie_A
726,Sassuolo,2019,Serie_A
727,Napoli,2019,Serie_A
728,Inter,2019,Serie_A
729,Atalanta,2019,Serie_A
730,Fiorentina,2019,Serie_A
731,AC Milan,2019,Serie_A
732,Torino,2019,Serie_A
733,Cagliari,2019,Serie_A
734,SPAL 2013,2019,Serie_A
735,Parma Calcio 1913,2019,Serie_A
736,Brescia,2019,Serie_A
737,Lecce,2019,Serie_A
738,Verona,2020,Serie_A
739,Roma,2020,Serie_A
740,Lazio,2020,Serie_A
741,Bologna,2020,Serie_A
742,Juventus,2020,Serie_A
743,Udinese,2020,Serie_A
744,Genoa,2020,Serie_A
745,Sampdoria,2020,Serie_A
746,Sassuolo,2020,Serie_A
747,Napoli,2020,Serie_A
748,Inter,2020,Serie_A
749,Atalanta,2020,Serie_A
750,Fiorentina,2020,Serie_A
751,AC Milan,2020,Serie_A
752,Torino,2020,Serie_A
753,Crotone,2020,Serie_A
754,Cagliari,2020,Serie_A
755,Benevento,2020,Serie_A
756,Parma Calcio 1913,2020,Serie_A
757,Spezia,2020,Serie_A
758,Verona,2021,Serie_A
759,Roma,2021,Serie_A
760,Lazio,2021,Serie_A
761,Bologna,2021,Serie_A
762,Juventus,2021,Serie_A
763,Udinese,2021,Serie_A
764,Genoa,2021,Serie_A
765,Sampdoria,2021,Serie_A
766,Sassuolo,2021,Serie_A
767,Napoli,2021,Serie_A
768,Inter,2021,Serie_A
769,Atalanta,2021,Serie_A
770,Empoli,2021,Serie_A
771,Fiorentina,2021,Serie_A
772,AC Milan,2021,Serie_A
773,Torino,2021,Serie_A
774,Cagliari,2021,Serie_A
775,Spezia,2021,Serie_A
776,Salernitana,2021,Serie_A
777,Venezia,2021,Serie_A
778,Verona,2022,Serie_A
779,Roma,2022,Serie_A
780,Lazio,2022,Serie_A
781,Bologna,2022,Serie_A
782,Juventus,2022,Serie_A
783,Udinese,2022,Serie_A
784,Sampdoria,2022,Serie_A
785,Sassuolo,2022,Serie_A
786,Napoli,2022,Serie_A
787,Inter,2022,Serie_A
788,Atalanta,2022,Serie_A
789,Empoli,2022,Serie_A
790,Fiorentina,2022,Serie_A
791,AC Milan,2022,Serie_A
792,Torino,2022,Serie_A
793,Lecce,2022,Serie_A
794,Spezia,2022,Serie_A
795,Salernitana,2022,Serie_A
796,Monza,2022,Serie_A
797,Cremonese,2022,Serie_A
798,Verona,2023,Serie_A
799,Roma,2023,Serie_A
800,Lazio,2023,Serie_A
801,Bologna,2023,Serie_A
802,Juventus,2023,Serie_A
803,Udinese,2023,Serie_A
804,Genoa,2023,Serie_A
805,Sassuolo,2023,Serie_A
806,Napoli,2023,Serie_A
807,Inter,2023,Serie_A
808,Atalanta,2023,Serie_A
809,Empoli,2023,Serie_A
810,Fiorentina,2023,Serie_A
811,AC Milan,2023,Serie_A
812,Frosinone,2023,Serie_A
813,Torino,2023,Serie_A
814,Cagliari,2023,Serie_A
815,Lecce,2023,Serie_A
816,Salernitana,2023,Serie_A
817,Monza,2023,Serie_A
818,Verona,2024,Serie_A
819,Roma,2024,Serie_A
820,Lazio,2024,Serie_A
821,Bologna,2024,Serie_A
822,Juventus,2024,Serie_A
823,Udinese,2024,Serie_A
824,Genoa,2024,Serie_A
825,Napoli,2024,Serie_A
826,Inter,2024,Serie_A
827,Atalanta,2024,Serie_A
828,Empoli,2024,Serie_A
829,Fiorentina,2024,Serie_A
830,AC Milan,2024,Serie_A
831,Torino,2024,Serie_A
832,Cagliari,2024,Serie_A
833,Parma Calcio 1913,2024,Serie_A
834,Lecce,2024,Serie_A
835,Venezia,2024,Serie_A
836,Monza,2024,Serie_A
837,Como,2024,Serie_A
838,Verona,2025,Serie_A
839,Roma,2025,Serie_A
840,Lazio,2025,Serie_A
841,Bologna,2025,Serie_A
842,Juventus,2025,Serie_A
843,Udinese,2025,Serie_A
844,Genoa,2025,Serie_A
845,Sassuolo,2025,Serie_A
846,Napoli,2025,Serie_A
847,Inter,2025,Serie_A
848,Atalanta,2025,Serie_A
849,Fiorentina,2025,Serie_A
850,AC Milan,2025,Serie_A
851,Torino,2025,Serie_A
852,Cagliari,2025,Serie_A
853,Parma Calcio 1913,2025,Serie_A
854,Lecce,2025,Serie_A
855,Cremonese,2025,Serie_A
856,Como,2025,Serie_A
857,Pisa,2025,Serie_A
858,Lille,2015,Ligue_1
859,Paris Saint Germain,2015,Ligue_1
860,SC Bastia,2015,Ligue_1
861,Rennes,2015,Ligue_1
862,Marseille,2015,Ligue_1
863,Caen,2015,Ligue_1
864,Montpellier,2015,Ligue_1
865,Angers,2015,Ligue_1
866,Nantes,2015,Ligue_1
867,Guingamp,2015,Ligue_1
868,Nice,2015,Ligue_1
869,Monaco,2015,Ligue_1
870,Troyes,2015,Ligue_1
871,GFC Ajaccio,2015,Ligue_1
872,Toulouse,2015,Ligue_1
873,Saint-Etienne,2015,Ligue_1
874,Bordeaux,2015,Ligue_1
875,Reims,2015,Ligue_1
876,Lyon,2015,Ligue_1
877,Lorient,2015,Ligue_1
878,Lille,2016,Ligue_1
879,Paris Saint Germain,2016,Ligue_1
880,SC Bastia,2016,Ligue_1
881,Rennes,2016,Ligue_1
882,Marseille,2016,Ligue_1
883,Caen,2016,Ligue_1
884,Montpellier,2016,Ligue_1
885,Angers,2016,Ligue_1
886,Nantes,2016,Ligue_1
887,Guingamp,2016,Ligue_1
888,Nice,2016,Ligue_1
889,Monaco,2016,Ligue_1
890,Toulouse,2016,Ligue_1
891,Saint-Etienne,2016,Ligue_1
892,Bordeaux,2016,Ligue_1
893,Lyon,2016,Ligue_1
894,Lorient,2016,Ligue_1
895,Metz,2016,Ligue_1
896,Dijon,2016,Ligue_1
897,Nancy,2016,Ligue_1
898,Lille,2017,Ligue_1
899,Paris Saint Germain,2017,Ligue_1
900,Rennes,2017,Ligue_1
901,Marseille,2017,Ligue_1
902,Caen,2017,Ligue_1
903,Montpellier,2017,Ligue_1
904,Angers,2017,Ligue_1
905,Nantes,2017,Ligue_1
906,Guingamp,2017,Ligue_1
907,Nice,2017,Ligue_1
908,Monaco,2017,Ligue_1
909,Troyes,2017,Ligue_1
910,Toulouse,2017,Ligue_1
911,Saint-Etienne,2017,Ligue_1
912,Bordeaux,2017,Ligue_1
913,Lyon,2017,Ligue_1
914,Metz,2017,Ligue_1
915,Dijon,2017,Ligue_1
916,Amiens,2017,Ligue_1
917,Strasbourg,2017,Ligue_1
918,Lille,2018,Ligue_1
919,Paris Saint Germain,2018,Ligue_1
920,Rennes,2018,Ligue_1
921,Marseille,2018,Ligue_1
922,Caen,2018,Ligue_1
923,Montpellier,2018,Ligue_1
924,Angers,2018,Ligue_1
925,Nantes,2018,Ligue_1
926,Guingamp,2018,Ligue_1
927,Nice,2018,Ligue_1
928,Monaco,2018,Ligue_1
929,Toulouse,2018,Ligue_1
930,Saint-Etienne,2018,Ligue_1
931,Bordeaux,2018,Ligue_1
932,Reims,2018,Ligue_1
933,Lyon,2018,Ligue_1
934,Dijon,2018,Ligue_1
935,Amiens,2018,Ligue_1
936,Strasbourg,2018,Ligue_1
937,Nimes,2018,Ligue_1
938,Lille,2019,Ligue_1
939,Paris Saint Germain,2019,Ligue_1
940,Rennes,2019,Ligue_1
941,Marseille,2019,Ligue_1
942,Montpellier,2019,Ligue_1
943,Angers,2019,Ligue_1
944,Nantes,2019,Ligue_1
945,Nice,2019,Ligue_1
946,Monaco,2019,Ligue_1
947,Toulouse,2019,Ligue_1
948,Saint-Etienne,2019,Ligue_1
949,Bordeaux,2019,Ligue_1
950,Reims,2019,Ligue_1
951,Lyon,2019,Ligue_1
952,Metz,2019,Ligue_1
953,Dijon,2019,Ligue_1
954,Amiens,2019,Ligue_1
955,Strasbourg,2019,Ligue_1
956,Nimes,2019,Ligue_1
957,Brest,2019,Ligue_1
958,Lille,2020,Ligue_1
959,Paris Saint Germain,2020,Ligue_1
960,Rennes,2020,Ligue_1
961,Marseille,2020,Ligue_1
962,Montpellier,2020,Ligue_1
963,Angers,2020,Ligue_1
964,Nantes,2020,Ligue_1
965,Nice,2020,Ligue_1
966,Monaco,2020,Ligue_1
967,Saint-Etienne,2020,Ligue_1
968,Bordeaux,2020,Ligue_1
969,Reims,2020,Ligue_1
970,Lyon,2020,Ligue_1
971,Lorient,2020,Ligue_1
972,Metz,2020,Ligue_1
973,Dijon,2020,Ligue_1
974,Lens,2020,Ligue_1
975,Strasbourg,2020,Ligue_1
976,Nimes,2020,Ligue_1
977,Brest,2020,Ligue_1
978,Lille,2021,Ligue_1
979,Paris Saint Germain,2021,Ligue_1
980,Rennes,2021,Ligue_1
981,Marseille,2021,Ligue_1
982,Montpellier,2021,Ligue_1
983,Angers,2021,Ligue_1
984,Nantes,2021,Ligue_1
985,Nice,2021,Ligue_1
986,Monaco,2021,Ligue_1
987,Troyes,2021,Ligue_1
988,Saint-Etienne,2021,Ligue_1
989,Bordeaux,2021,Ligue_1
990,Reims,2021,Ligue_1
991,Lyon,2021,Ligue_1
992,Lorient,2021,Ligue_1
993,Metz,2021,Ligue_1
994,Lens,2021,Ligue_1
995,Strasbourg,2021,Ligue_1
996,Brest,2021,Ligue_1
997,Clermont Foot,2021,Ligue_1
998,Lille,2022,Ligue_1
999,Paris Saint Germain,2022,Ligue_1
1000,Rennes,2022,Ligue_1
1001,Marseille,2022,Ligue_1
1002,Montpellier,2022,Ligue_1
1003,Angers,2022,Ligue_1
1004,Nantes,2022,Ligue_1
1005,Nice,2022,Ligue_1
1006,Monaco,2022,Ligue_1
1007,Troyes,2022,Ligue_1
1008,Toulouse,2022,Ligue_1
1009,Reims,2022,Ligue_1
1010,Lyon,2022,Ligue_1
1011,Lorient,2022,Ligue_1
1012,Lens,2022,Ligue_1
1013,Strasbourg,2022,Ligue_1
1014,Brest,2022,Ligue_1
1015,Clermont Foot,2022,Ligue_1
1016,Ajaccio,2022,Ligue_1
1017,Auxerre,2022,Ligue_1
1018,Lille,2023,Ligue_1
1019,Paris Saint Germain,2023,Ligue_1
1020,Rennes,2023,Ligue_1
1021,Marseille,2023,Ligue_1
1022,Montpellier,2023,Ligue_1
1023,Nantes,2023,Ligue_1
1024,Nice,2023,Ligue_1
1025,Monaco,2023,Ligue_1
1026,Toulouse,2023,Ligue_1
1027,Reims,2023,Ligue_1
1028,Lyon,2023,Ligue_1
1029,Lorient,2023,Ligue_1
1030,Metz,2023,Ligue_1
1031,Lens,2023,Ligue_1
1032,Strasbourg,2023,Ligue_1
1033,Brest,2023,Ligue_1
1034,Clermont Foot,2023,Ligue_1
1035,Le Havre,2023,Ligue_1
1036,Lille,2024,Ligue_1
1037,Paris Saint Germain,2024,Ligue_1
1038,Rennes,2024,Ligue_1
1039,Marseille,2024,Ligue_1
1040,Montpellier,2024,Ligue_1
1041,Angers,2024,Ligue_1
1042,Nantes,2024,Ligue_1
1043,Nice,2024,Ligue_1
1044,Monaco,2024,Ligue_1
1045,Toulouse,2024,Ligue_1
1046,Saint-Etienne,2024,Ligue_1
1047,Reims,2024,Ligue_1
1048,Lyon,2024,Ligue_1
1049,Lens,2024,Ligue_1
1050,Strasbourg,2024,Ligue_1
1051,Brest,2024,Ligue_1
1052,Auxerre,2024,Ligue_1
1053,Le Havre,2024,Ligue_1
1054,Lille,2025,Ligue_1
1055,Paris Saint Germain,2025,Ligue_1
1056,Rennes,2025,Ligue_1
1057,Marseille,2025,Ligue_1
1058,Angers,2025,Ligue_1
1059,Nantes,2025,Ligue_1
1060,Nice,2025,Ligue_1
1061,Monaco,2025,Ligue_1
1062,Toulouse,2025,Ligue_1
1063,Lyon,2025,Ligue_1
1064,Lorient,2025,Ligue_1
1065,Metz,2025,Ligue_1
1066,Lens,2025,Ligue_1
1067,Strasbourg,2025,Ligue_1
1068,Brest,2025,Ligue_1
1069,Auxerre,2025,Ligue_1
1070,Le Havre,2025,Ligue_1
1071,Paris FC,2025,Ligue_1
